{
    "mae": 36058.33203125,
    "mse": 36058.33203125
}